uid,mid,rating
5,6,0.37184151003110805
5,7,0.3926748433644414
5,8,0.37184151003110805
6,6,0.37184151003110805
6,7,0.3926748433644414
6,8,0.37184151003110805
